{"Jet_tau_0p5_1": {"purity": [0.8419699066758682, 0.6443162737939541, 0.6002759302972039, 0.6032758837300968, 0.6084570274800453, 0.6068297364606355, 0.6051125620804422, 0.6054149430727345, 0.6042783042735231, 0.6022611188261803, 0.619621291827167, 0.6016361950667557, 0.6042734979793092, 0.6041237902241252, 0.604246951282435], "stability": [0.6041962765907822, 0.6091404883385997, 0.6449258613975006, 0.6405894882218567, 0.6399982894830776, 0.6435078576309062, 0.641782803533809, 0.6392183001232878, 0.6339651600062973, 0.6301713901282563, 0.6487674667273108, 0.6329283849197708, 0.654258313579088, 0.626573134209133, 0.6226776931780924], "nbins": 15, "bin_edge_pairs": [[0.0, 0.186], [0.186, 0.252], [0.252, 0.318], [0.318, 0.378], [0.378, 0.432], [0.432, 0.482], [0.482, 0.528], [0.528, 0.57], [0.57, 0.608], [0.608, 0.642], [0.642, 0.674], [0.674, 0.7], [0.7, 0.73], [0.73, 0.758], [0.758, 1.0]]}, "Jet_tau_0p5_2": {"purity": [0.7447363079922475, 0.625800216970009, 0.5181483399275489, 0.5004080057635142, 0.508366682697992, 0.5018528322580403, 0.5032832377865694, 0.506139482996628, 0.489591952284995], "stability": [0.5041203001297349, 0.5081613522584002, 0.5102141851111269, 0.59545670154432, 0.6464538005961246, 0.6391795323228374, 0.6366108799438718, 0.6357108431153261, 0.6042919136193241], "nbins": 9, "bin_edge_pairs": [[0.0, 0.164], [0.164, 0.224], [0.224, 0.276], [0.276, 0.334], [0.334, 0.394], [0.394, 0.448], [0.448, 0.5], [0.5, 0.556], [0.556, 0.8]]}, "Jet_tau_0p5_3": {"purity": [0.6956136262425742, 0.6411890385042309, 0.5706701879370193, 0.5016210261255944, 0.5052849824244929, 0.4802180293480258], "stability": [0.5044040785342185, 0.5060330929712662, 0.5083223339686952, 0.5719928998200361, 0.7522577798271767, 0.8019275409351032], "nbins": 6, "bin_edge_pairs": [[0.0, 0.14], [0.14, 0.196], [0.196, 0.248], [0.248, 0.302], [0.302, 0.378], [0.378, 0.64]]}, "Jet_tau_0p5_4": {"purity": [0.6292465223664324, 0.6227226590094544, 0.5995611646622835, 0.5249377254460146, 0.5066392412363722, 0.4597718198232325], "stability": [0.5002814925366942, 0.5028362116669531, 0.5054745892627951, 0.5123834242516803, 0.6611014014313455, 0.8465086010232042], "nbins": 6, "bin_edge_pairs": [[0.0, 0.116], [0.116, 0.164], [0.164, 0.212], [0.212, 0.258], [0.258, 0.316], [0.316, 0.64]]}, "Jet_tau_1_1": {"purity": [0.8678470921129692, 0.6407754440844922, 0.6053292188347079, 0.6116476734304958, 0.6112369063619788, 0.6099509405986977, 0.6033815406353871, 0.6127821418785946, 0.6001723471495496, 0.606245480544584, 0.6002477299497198, 0.6060903854203864, 0.6024408246045768, 0.5718003459504716], "stability": [0.6102849916638409, 0.6178262861290528, 0.6570128737238095, 0.6551505973742295, 0.6522989914352706, 0.650695117321258, 0.6402498049034937, 0.6464837377557878, 0.6313568599681089, 0.6393634730099531, 0.640677413717399, 0.6795764877338801, 0.6485454800946374, 0.6279557510261898], "nbins": 14, "bin_edge_pairs": [[0.0, 0.058], [0.058, 0.096], [0.096, 0.142], [0.142, 0.19], [0.19, 0.238], [0.238, 0.286], [0.286, 0.332], [0.332, 0.378], [0.378, 0.42], [0.42, 0.46], [0.46, 0.496], [0.496, 0.54], [0.54, 0.584], [0.584, 0.7]]}, "Jet_tau_1_2": {"purity": [0.7797121419913317, 0.620752522535414, 0.5206093275610757, 0.5000378506377159, 0.5112817898261083, 0.5041505802989865, 0.5062035241919267, 0.5036190071352045, 0.5258880777312245], "stability": [0.5014609308337242, 0.5041719922369845, 0.5176594260601106, 0.594704534452806, 0.653316184988759, 0.642908421883435, 0.6396795288939984, 0.6284705510672393, 0.6557407417311043], "nbins": 9, "bin_edge_pairs": [[0.0, 0.042], [0.042, 0.07], [0.07, 0.1], [0.1, 0.138], [0.138, 0.184], [0.184, 0.23], [0.23, 0.278], [0.278, 0.33], [0.33, 0.5]]}, "Jet_tau_1_3": {"purity": [0.740339708785036, 0.6496422500103118, 0.5563530251394831, 0.5149202851959146, 0.5062675356372159, 0.4843190021709226], "stability": [0.5069003839419043, 0.5120201244950447, 0.5062264520687961, 0.5975481773768936, 0.7549411410137717, 0.7995695464439333], "nbins": 6, "bin_edge_pairs": [[0.0, 0.032], [0.032, 0.056], [0.056, 0.082], [0.082, 0.116], [0.116, 0.17], [0.17, 0.38]]}, "Jet_tau_1_4": {"purity": [0.6951942124120637, 0.6297706341559939, 0.5991040775560922, 0.5083796252805491, 0.5007298466860153, 0.45323992177616834], "stability": [0.5096175730147303, 0.5038012347323904, 0.514846999548693, 0.5158803926892284, 0.6725220370028133, 0.8352196464735773], "nbins": 6, "bin_edge_pairs": [[0.0, 0.024], [0.024, 0.042], [0.042, 0.064], [0.064, 0.088], [0.088, 0.124], [0.124, 0.38]]}, "Jet_tau_2_1": {"purity": [0.7434588790123116, 0.6365942992146711, 0.6073412087490881, 0.6095276693818156, 0.6105736410541024, 0.6056231759774252, 0.6086562449585412, 0.6024915516353138, 0.6098522885194484, 0.6013328603246455, 0.6024746954395034, 0.5435883690607476], "stability": [0.6276989677461877, 0.6093649439538679, 0.6170090706025755, 0.637815628432385, 0.6446407569361162, 0.6391492065018386, 0.6394128074588108, 0.6328221534864995, 0.655940925723644, 0.684358588176732, 0.6881561129453764, 0.6381454360461369], "nbins": 12, "bin_edge_pairs": [[0.0, 0.016], [0.016, 0.032], [0.032, 0.054], [0.054, 0.082], [0.082, 0.114], [0.114, 0.148], [0.148, 0.184], [0.184, 0.22], [0.22, 0.258], [0.258, 0.304], [0.304, 0.364], [0.364, 0.5]]}, "Jet_tau_2_2": {"purity": [0.6387097774320689, 0.588638749737195, 0.5098007348559931, 0.5121448513333394, 0.5015918557131749, 0.5064602339857827, 0.5035556056088863, 0.5025569039794124, 0.42487207206517935], "stability": [0.5300427746431738, 0.5348928841431321, 0.5062404670704109, 0.5661949535757367, 0.597595595424441, 0.6157439161443284, 0.6053157274059078, 0.6078098012920325, 0.5127788908250671], "nbins": 9, "bin_edge_pairs": [[0.0, 0.01], [0.01, 0.02], [0.02, 0.032], [0.032, 0.05], [0.05, 0.074], [0.074, 0.104], [0.104, 0.14], [0.14, 0.188], [0.188, 0.3]]}, "Jet_tau_2_3": {"purity": [0.6236624910717881, 0.5867072211759531, 0.5209291991818004, 0.5257397542826162, 0.49409236087301], "stability": [0.5674340063176854, 0.5299561964283757, 0.5122945459121595, 0.6146262548804858, 0.6958947816476326], "nbins": 5, "bin_edge_pairs": [[0.0, 0.008], [0.008, 0.016], [0.016, 0.026], [0.026, 0.044], [0.044, 0.2]]}, "Jet_tau_2_4": {"purity": [0.6016538589434701, 0.5691510139664342, 0.5453079317721675, 0.5326680117228393, 0.4165440072656388], "stability": [0.5968241665501087, 0.5201292049583466, 0.5183912372967657, 0.6089802390823588, 0.6293001536930879], "nbins": 5, "bin_edge_pairs": [[0.0, 0.006], [0.006, 0.012], [0.012, 0.02], [0.02, 0.034], [0.034, 0.134]]}, "Jet_tau21": {"purity": [0.9021135269883572, 0.668239885420884, 0.5860672256440392, 0.5504296462234333, 0.5174487451769841, 0.5027229595323623, 0.5007801118585999, 0.5837489440279702], "stability": [0.50203433850453, 0.5025529120620361, 0.5018683760670954, 0.505831582775011, 0.5067212108530801, 0.5453981728268854, 0.6036917578557203, 0.5235999215221161], "nbins": 8, "bin_edge_pairs": [[0.0, 0.242], [0.242, 0.34], [0.34, 0.432], [0.432, 0.522], [0.522, 0.609], [0.609, 0.705], [0.705, 0.815], [0.815, 1.4]]}, "Jet_tau32": {"purity": [0.7959683604288567, 0.5469665265502751, 0.5003406049037817, 0.6924032771787707], "stability": [0.5007161097509631, 0.5031984247832771, 0.5681721791415799, 0.6510899070383777], "nbins": 4, "bin_edge_pairs": [[0.0, 0.562], [0.562, 0.708], [0.708, 0.822], [0.822, 1.4]]}, "Jet_tau21_WTA": {"purity": [0.9021135269883572, 0.668239885420884, 0.5860672256440392, 0.5504296462234333, 0.5174487451769841, 0.5027229595323623, 0.5007801118585999, 0.5837489440279702], "stability": [0.50203433850453, 0.5025529120620361, 0.5018683760670954, 0.505831582775011, 0.5067212108530801, 0.5453981728268854, 0.6036917578557203, 0.5235999215221161], "nbins": 8, "bin_edge_pairs": [[0.0, 0.242], [0.242, 0.34], [0.34, 0.432], [0.432, 0.522], [0.522, 0.609], [0.609, 0.705], [0.705, 0.815], [0.815, 1.2]]}, "Jet_tau32_WTA": {"purity": [0.7959683604288567, 0.546966806765993, 0.5003413804500652, 0.6924031909697806],